{
  "algorithms": [
    {
      "algorithm": "A*",
      "runs": 3,
      "avg_time": 0.010700000000000001,
      "avg_nodes": 13.666666666666666
    },
    {
      "algorithm": "BFS",
      "runs": 3,
      "avg_time": 41.831300000000006,
      "avg_nodes": 41094.0
    },
    {
      "algorithm": "DFS",
      "runs": 3,
      "avg_time": 0.011666666666666667,
      "avg_nodes": 13.666666666666666
    },
    {
      "algorithm": "UCS",
      "runs": 2,
      "avg_time": 3.9541,
      "avg_nodes": 38314.0
    }
  ]
}